ip,port,latitude,longitude,country,city,org,product,query
50.116.23.122,445,32.94818,-96.72972,United States,Richardson,Linode,Unknown,webcam
139.162.213.30,7001,51.50853,-0.12574,United Kingdom,London,139.162.0.0/16,Unknown,webcam
8.215.12.103,2067,-6.21462,106.84513,Indonesia,Jakarta,Alibaba Cloud (Singapore) Private Limited,Unknown,webcam
86.107.199.72,10000,43.25,76.91667,Kazakhstan,Almaty,Hoster.KZ,Unknown,webcam
172.104.91.65,7001,35.6895,139.69171,Japan,Tokyo,Linode,Unknown,webcam
45.79.126.133,7001,19.07283,72.88261,India,Mumbai,Linode,Unknown,webcam
172.105.49.121,7001,19.07283,72.88261,India,Mumbai,Linode,Unknown,webcam
172.105.97.164,7001,43.70643,-79.39864,Canada,Toronto,Linode,Unknown,webcam
170.187.149.164,7001,33.749,-84.38798,United States,Atlanta,Linode,Unknown,webcam
39.104.59.56,7001,39.9075,116.39723,China,Beijing,"Aliyun Computing Co., LTD",Unknown,webcam
163.172.152.168,10000,48.85341,2.3488,France,Paris,"Scaleway Dedibox - Paris, France",Unknown,webcam
212.111.43.4,10000,51.50853,-0.12574,United Kingdom,London,"Linode, LLC",Unknown,webcam
151.115.51.61,10000,52.22977,21.01178,Poland,Warsaw,"Scaleway - Warsaw, Poland",Unknown,webcam
151.115.63.195,10000,52.22977,21.01178,Poland,Warsaw,"Scaleway - Warsaw, Poland",Unknown,webcam
45.56.92.229,10000,37.54827,-121.98857,United States,Fremont,Linode,Unknown,webcam
151.115.44.76,10000,52.22977,21.01178,Poland,Warsaw,"Scaleway - Warsaw, Poland",Unknown,webcam
172.236.102.56,23082,41.85003,-87.65005,United States,Chicago,Linode,Unknown,webcam
39.102.211.162,9073,39.9075,116.39723,China,Beijing,"Aliyun Computing Co., LTD",Unknown,webcam
86.107.199.71,10000,43.25,76.91667,Kazakhstan,Almaty,Hoster.KZ,Unknown,webcam
192.53.123.104,10000,43.70643,-79.39864,Canada,Toronto,"Linode, LLC",Unknown,webcam
139.162.111.34,10000,35.6895,139.69171,Japan,Tokyo,139.162.0.0/16,Unknown,webcam
47.100.90.127,8315,31.22222,121.45806,China,Shanghai,"Aliyun Computing Co., LTD",Unknown,webcam
47.92.82.167,8315,40.78341,114.87139,China,Zhangjiakou,"Aliyun Computing Co., LTD",Unknown,webcam
45.56.126.59,8315,32.94818,-96.72972,United States,Richardson,Linode,Unknown,webcam
172.234.47.81,2133,39.04372,-77.48749,United States,Ashburn,Linode,Sophos SSL VPN User Portal,webcam
47.116.210.163,3580,31.22222,121.45806,China,Shanghai,"Aliyun Computing Co., LTD",Unknown,webcam
172.104.252.169,12229,50.11552,8.68417,Germany,Frankfurt am Main,Linode,Unknown,webcam
47.121.129.129,12229,23.73333,114.68333,China,Heyuan,"Aliyun Computing Co., LTD",Unknown,webcam
88.80.186.38,1400,51.50853,-0.12574,United Kingdom,London,"Linode, LLC",Unknown,webcam
211.21.101.106,137,25.01427,121.46719,Taiwan,Banqiao,"Chunghwa Telecom Co.,Ltd.",Unknown,webcam
149.129.226.9,12229,-6.21462,106.84513,Indonesia,Jakarta,"21/F, Ciputra World 1 (DBS Tower), JalanProf. DR. Satrio Kav 3-5, Jakarta 12940, Indonesia",Unknown,webcam
192.155.85.213,3580,37.54827,-121.98857,United States,Fremont,Linode,Unknown,webcam
139.162.53.237,8112,1.28967,103.85007,Singapore,Singapore,139.162.0.0/16,Unknown,webcam
45.79.221.36,18107,33.749,-84.38798,United States,Atlanta,Linode,Unknown,webcam
172.104.252.10,8027,50.11552,8.68417,Germany,Frankfurt am Main,Linode,Unknown,webcam
172.236.62.159,8848,-37.814,144.96332,Australia,Melbourne,Linode,Unknown,webcam
8.134.157.2,2133,23.11667,113.25,China,Guangzhou,Aliyun Computing Co.LTD,Unknown,webcam
139.224.186.221,50999,31.22222,121.45806,China,Shanghai,"Aliyun Computing Co., LTD",Unknown,webcam
8.134.138.108,2133,23.11667,113.25,China,Guangzhou,Aliyun Computing Co.LTD,Unknown,webcam
49.0.246.130,4243,22.27832,114.17469,Hong Kong,Hong Kong,Huawei Cloud Hongkong Region,Unknown,webcam
96.126.111.39,4243,40.82204,-74.44876,United States,Cedar Knolls,Linode,Unknown,webcam
217.83.69.139,83,51.45342,6.6326,Germany,Moers,Deutsche Telekom AG,D-Link DCS-5000L webcam http interface,webcam
47.91.29.151,22000,35.6895,139.69171,Japan,Tokyo,Alibaba Cloud - JP,Unknown,webcam
173.255.236.198,3130,40.82204,-74.44876,United States,Cedar Knolls,Linode,Unknown,webcam
47.92.143.92,16029,40.78341,114.87139,China,Zhangjiakou,"Aliyun Computing Co., LTD",Unknown,webcam
172.234.151.170,3157,39.04372,-77.48749,United States,Ashburn,Linode,Unknown,webcam
50.116.23.69,1198,32.94818,-96.72972,United States,Richardson,Linode,Ivanti Endpoint Manager Mobile (EPMM),webcam
45.79.5.148,5005,32.94818,-96.72972,United States,Richardson,Linode,Unknown,webcam
47.251.87.74,9013,37.33939,-121.89496,United States,San Jose,Alibaba Cloud - US,Unknown,webcam
87.20.205.156,8000,41.89193,12.51133,Italy,Rome,Telecom Italia S.p.A. TIN EASY LITE,Unknown,webcam
124.140.115.163,8889,36.03333,140.2,Japan,Ami,"JCOM Co., Ltd.",Unknown,webcam
45.33.67.200,3130,40.82204,-74.44876,United States,Cedar Knolls,Linode,Unknown,webcam
85.241.169.250,8080,38.71667,-9.13333,Portugal,Lisbon,PT Comunicacoes S.A.,Unknown,webcam
38.61.59.75,8082,43.25011,-79.84963,Canada,Hamilton,OXIO,Unknown,webcam
70.119.234.93,8888,32.9682,-96.7942,United States,Dallas,Charter Communications Inc,Unknown,webcam
87.79.66.37,4747,50.93333,6.95,Germany,Köln,Netcologne GmbH,Unknown,webcam
82.64.107.187,21,48.85341,2.3488,France,Paris,Free SAS,ProFTPD,webcam
139.224.207.73,21250,31.22222,121.45806,China,Shanghai,"Aliyun Computing Co., LTD",Unknown,webcam
45.79.221.24,12016,33.749,-84.38798,United States,Atlanta,Linode,Unknown,webcam
51.15.75.241,8888,52.37403,4.88969,Netherlands,Amsterdam,"Scaleway - Amsterdam, Netherlands",Unknown,webcam
125.30.182.58,8889,35.90807,139.65657,Japan,Saitama,IIJ Internet,Unknown,webcam
88.80.186.225,9922,51.50853,-0.12574,United Kingdom,London,"Linode, LLC",Unknown,webcam
8.130.183.243,5135,40.993,113.133,China,Ulanqab,Aliyun Computing Co.LTD,Unknown,webcam
139.162.229.226,1925,51.50853,-0.12574,United Kingdom,London,139.162.0.0/16,Unknown,webcam
212.71.244.189,9013,51.50853,-0.12574,United Kingdom,London,"Linode, LLC",Unknown,webcam
85.159.209.112,5135,51.50853,-0.12574,United Kingdom,London,"Linode, LLC",Unknown,webcam
172.236.203.139,3523,50.11552,8.68417,Germany,Frankfurt am Main,Linode,Unknown,webcam
47.243.124.21,5357,22.27832,114.17469,Hong Kong,Hong Kong,Alibaba Cloud LLC,Unknown,webcam
49.13.106.73,8081,51.43247,6.76516,Germany,Duisburg,Hetzner Online GmbH,Unknown,webcam
47.104.198.111,13082,36.06488,120.38042,China,Qingdao,"Aliyun Computing Co., LTD",Unknown,webcam
8.211.199.59,9168,51.50853,-0.12574,United Kingdom,London,Alibaba Cloud (Singapore) Private Limited,Unknown,webcam
39.102.211.64,9011,39.9075,116.39723,China,Beijing,"Aliyun Computing Co., LTD",Unknown,webcam
47.100.73.178,12304,31.22222,121.45806,China,Shanghai,"Aliyun Computing Co., LTD",Unknown,webcam
139.162.161.244,9080,50.11552,8.68417,Germany,Frankfurt am Main,139.162.0.0/16,Unknown,webcam
47.100.130.127,8113,31.22222,121.45806,China,Shanghai,"Aliyun Computing Co., LTD",Unknown,webcam
182.92.120.248,12016,39.9075,116.39723,China,Beijing,"Aliyun Computing Co., LTD",Unknown,webcam
109.237.26.132,32764,51.50853,-0.12574,United Kingdom,London,"Linode, LLC",Unknown,webcam
172.233.233.31,32764,39.04372,-77.48749,United States,Ashburn,Linode,Unknown,webcam
192.53.123.90,3269,43.70643,-79.39864,Canada,Toronto,"Linode, LLC",Unknown,webcam
120.79.21.48,1471,22.54554,114.0683,China,Shenzhen,"Aliyun Computing Co., LTD",Unknown,webcam
194.87.94.0,8181,55.91417,37.82556,Russian Federation,Korolev,JSC Mediasoft ekspert,Unknown,webcam
45.79.55.200,8081,32.94818,-96.72972,United States,Richardson,Linode,Unknown,webcam
8.130.182.209,30007,40.993,113.133,China,Ulanqab,Aliyun Computing Co.LTD,Unknown,webcam
47.108.68.169,9035,30.66667,104.06667,China,Chengdu,"Aliyun Computing Co., LTD",Unknown,webcam
176.58.115.197,7535,51.50853,-0.12574,United Kingdom,London,"Linode, LLC",Unknown,webcam
139.162.150.179,21200,50.11552,8.68417,Germany,Frankfurt am Main,139.162.0.0/16,Unknown,webcam
38.54.45.132,8402,-34.61315,-58.37723,Argentina,Buenos Aires,Kaopu Cloud HK Limited,Unknown,webcam
176.58.127.222,9035,51.50853,-0.12574,United Kingdom,London,"Linode, LLC",Unknown,webcam
162.197.168.203,1723,38.64463,-121.27217,United States,Fair Oaks,Private Customer - AT&T Internet Services,PPTP,webcam
47.254.47.61,8062,37.42827,-121.90662,United States,Milpitas,Alibaba Cloud - US,Unknown,webcam
101.132.249.207,10032,31.22222,121.45806,China,Shanghai,"Aliyun Computing Co., LTD",Unknown,webcam
23.17.36.157,1025,51.05011,-114.08529,Canada,Calgary,TELUS-DSL-CLGRAB33,Hikvision IP Camera,camera
172.232.224.166,2266,-6.21462,106.84513,Indonesia,Jakarta,Linode,Unknown,camera
172.105.9.237,9091,43.70643,-79.39864,Canada,Toronto,Linode,Unknown,camera
213.74.103.136,8027,39.91987,32.85427,Turkey,Ankara,BR MAGAZACILIK TICARET.A.S.,Unknown,camera
202.184.155.226,2345,2.92281,101.65718,Malaysia,Cyberjaya,TT DOTCOM SDN BHD,Hikvision IP Camera,camera
188.21.229.241,5997,48.20849,16.37208,Austria,Vienna,A1 Telekom Austria AG - Business Customer,Hikvision IP Camera,camera
31.121.190.50,80,51.79168,-0.75767,United Kingdom,Weston Turville,EE Limited,Hikvision IP Camera,camera
97.99.32.89,82,32.78306,-96.80667,United States,Dallas,Charter Communications Inc,Hikvision IP Camera,camera
220.132.222.151,80,22.61626,120.31333,Taiwan,Kaohsiung,"Chunghwa Telecom Co.,Ltd.",Hikvision IP Camera,camera
93.197.234.49,6443,50.71911,13.1929,Germany,Lengefeld,Deutsche Telekom AG,Unknown,camera
151.248.12.42,80,45.58005,9.27246,Italy,Monza,Lainit s.r.l. Internet Service Provider,Hikvision IP Camera,camera
72.89.230.163,83,40.71427,-74.00597,United States,New York City,Verizon Business,Hikvision IP Camera,camera
197.83.252.188,8080,-33.92584,18.42322,South Africa,Cape Town,Dimension Data,Hikvision IP Camera,camera
35.180.166.49,443,48.85341,2.3488,France,Paris,Amazon Data Services France,nginx,camera
151.84.72.82,80,41.12066,16.86982,Italy,Bari,WIND TRE S.P.A.,Hikvision IP Camera,camera
54.219.149.67,80,37.33939,-121.89496,United States,San Jose,"Amazon.com, Inc.",Unknown,camera
46.247.184.182,8084,49.63984,-1.61636,France,Cherbourg,Destiny France Partenaires SAS,Hikvision IP Camera,camera
47.115.64.128,992,31.22222,121.45806,China,Shanghai,"Aliyun Computing Co., LTD",Unknown,camera
188.38.123.178,9160,41.1083,29.0183,Turkey,Çubuklu,Vodafone Telekomunikasyon A.S.,Hikvision IP Camera,camera
152.114.195.33,9443,51.50853,-0.12574,United Kingdom,London,HOSTKEY B.V.,Portainer,camera
181.98.53.93,80,-36.77803,-59.85848,Argentina,Azul,Telecom Personal Bs As,Hikvision IP Camera,camera
151.84.8.136,80,44.30905,8.47715,Italy,Savona,WIND TRE S.P.A.,Hikvision IP Camera,camera
2.180.35.214,80,36.29807,59.60567,"Iran, Islamic Republic of",Mashhad,Iran Information Technology Company PJSC,Hikvision IP Camera,camera
81.91.170.117,443,52.50833,5.475,Netherlands,Lelystad,DENIC eG,nginx,camera
79.119.133.34,11288,47.65729,23.56808,Romania,Baia Mare,RCS & RDS Residential,Hikvision IP Camera,camera
42.113.43.11,81,10.82302,106.62965,Viet Nam,Ho Chi Minh City,FPT Telecom Company,Hikvision IP Camera,camera
102.119.233.170,89,-20.40806,57.7,Mauritius,Mahébourg,Mauritius Telecom Ltd,Hikvision IP Camera,camera
194.93.26.17,81,41.26465,69.21627,Uzbekistan,Tashkent,Uzbektelekom Joint Stock Company,Hikvision IP Camera,camera
151.237.41.182,80,42.61667,25.4,Bulgaria,Kazanlak,Nastek Ltd.,Hikvision IP Camera,camera
192.121.87.24,9010,47.00556,28.8575,"Moldova, Republic of",Chisinau,EDIS Infrastructure in Moldova,Unknown,camera
120.199.115.31,10021,31.22222,121.45806,China,Shanghai,China Mobile Communications Corporation,Unknown,camera
96.93.78.250,81,29.76328,-95.36327,United States,Houston,"Comcast Cable Communications, LLC",Luma IP Camera,camera
88.204.110.179,80,56.8519,60.6122,Russian Federation,Yekaterinburg,Avantel Niznevartovsk branch,Hikvision IP Camera,camera
31.141.245.36,80,41.01384,28.94966,Turkey,Istanbul,TURKCELL INTERNET,Hikvision IP Camera,camera
185.20.65.28,80,45.46427,9.18951,Italy,Milan,F1,Hikvision IP Camera,camera
89.207.58.104,443,53.31375,-6.22274,Ireland,Donnybrook,RTE,Apache httpd,camera
101.109.164.26,8581,13.75398,100.50144,Thailand,Bangkok,TOT Public Company Limited,Hikvision IP Camera,camera
217.73.216.86,80,45.07049,7.68682,Italy,Turin,ZUCCHETTI SPA,Apache httpd,camera
189.250.129.198,7657,17.06542,-96.72365,Mexico,Oaxaca,Uninet S.A. de C.V.,Hikvision IP Camera,camera
35.224.46.25,443,41.26194,-95.86083,United States,Council Bluffs,Google LLC,Unknown,camera
217.45.175.150,80,51.50853,-0.12574,United Kingdom,London,BT Infrastructure Layer,Hikvision IP Camera,camera
34.131.58.109,443,28.62137,77.2148,India,New Delhi,Google LLC,Unknown,camera
69.136.36.132,8080,32.08354,-81.09983,United States,Savannah,"Comcast Cable Communications, Inc",Luma IP Camera,camera
171.242.101.47,9773,18.67337,105.69232,Viet Nam,Vinh,Viettel Group,Hikvision IP Camera,camera
78.47.204.134,443,49.45421,11.07752,Germany,Nürnberg,Hetzner Online GmbH,nginx,camera
149.90.61.189,80,41.14961,-8.61099,Portugal,Porto,DSL-ULL,Hikvision IP Camera,camera
220.134.154.149,80,22.99083,120.21333,Taiwan,Tainan,"Chunghwa Telecom Co.,Ltd.",Hikvision IP Camera,camera
31.32.57.4,10001,48.85341,2.3488,France,Paris,Bouygues Telecom SA,Hikvision IP Camera,camera
161.35.147.188,80,52.37403,4.88969,Netherlands,Amsterdam,"DigitalOcean, LLC",Apache httpd,camera
84.232.233.22,2222,45.64861,25.60613,Romania,Braşov,RCS & RDS Business,Hikvision IP Camera,camera
149.106.135.195,80,32.01034,34.77918,Israel,H̱olon,Bezeq- THE ISRAEL TELECOMMUNICATION CORP. LTD.,Hikvision IP Camera,camera
81.155.150.144,80,51.62127,0.30556,United Kingdom,Brentwood,BT Infrastructure Layer,Hikvision IP Camera,camera
124.121.237.122,44301,13.5976,100.5972,Thailand,Samut Prakan,TRUEHISP,Hikvision IP Camera,camera
41.192.8.195,83,-26.20227,28.04363,South Africa,Johannesburg,Vodacom_Unrestricted_Midrand_South_Gauteng,Hikvision IP Camera,camera
85.235.145.95,443,44.90924,8.61007,Italy,Alessandria,Aruba S.p.A. - Cloud Services IT3,Unknown,camera
88.203.50.43,80,35.8622,14.56701,Malta,Marsaskala,Melita plc,Hikvision IP Camera,camera
151.80.237.231,80,51.0344,2.37681,France,Dunkerque,ESGInnova ESGInnova,Apache httpd,camera
217.180.233.42,80,41.64114,-88.44729,United States,Yorkville,Metronet,Hikvision IP Camera,camera
206.74.134.17,80,34.37705,-82.69569,United States,Starr,"West Carolina Communications, LLC",Hikvision IP Camera,camera
46.183.185.97,1457,41.99646,21.43141,"Macedonia, Republic of",Skopje,EDIS - Infrastructure in North Macedonia,Unknown,camera
64.62.152.186,80,37.33939,-121.89496,United States,San Jose,Gippy's,nginx,camera
125.229.73.194,443,25.01427,121.46719,Taiwan,Banqiao,"Chunghwa Telecom Co.,Ltd.",DrayTek Vigor Router,camera
47.51.234.42,443,32.7968,-97.356,United States,Fort Worth,Charter Communications LLC,Hikvision IP Camera,camera
103.189.94.162,21247,-6.21462,106.84513,Indonesia,Jakarta,PT Mahaka Raya Asia,Hikvision IP Camera,camera
143.42.229.133,16053,40.82204,-74.44876,United States,Cedar Knolls,Linode,Unknown,camera
38.244.144.230,443,46.01008,8.96004,Switzerland,Lugano,3NT SOLUTIONS LLP,nginx,camera
8.138.149.37,953,23.11667,113.25,China,Guangzhou,Aliyun Computing Co.LTD,Unknown,camera
131.189.96.37,443,50.11552,8.68417,Germany,Frankfurt am Main,Microsoft Limited,Unknown,camera
134.19.179.146,88,52.50833,5.475,Netherlands,Lelystad,AS57172 network,nginx,camera
151.251.151.33,80,42.69751,23.32415,Bulgaria,Sofia,A1 Bulgaria EAD,Hikvision IP Camera,camera
93.55.93.221,81,45.46427,9.18951,Italy,Milan,Fastweb SpA,Hikvision IP Camera,camera
1.34.42.230,80,23.97694,121.60444,Taiwan,Hualien City,"Chunghwa Telecom Co.,Ltd.",Hikvision IP Camera,camera
85.149.68.37,80,52.07667,4.29861,Netherlands,The Hague,Euronet Communications B.V.,Hikvision IP Camera,camera
216.69.164.4,80,33.44838,-112.07404,United States,Phoenix,"GoDaddy.com, LLC",Apache httpd,camera
37.100.158.143,80,40.91948,14.23104,Italy,Melito di Napoli,WINDTRE ex H3g,Hikvision IP Camera,camera
73.46.254.255,80,25.77288,-80.34783,United States,Fountainebleau,"Comcast IP Services, L.L.C.",Hikvision IP Camera,camera
82.34.175.100,80,53.79648,-1.54785,United Kingdom,Leeds,DUDLEY,Hikvision IP Camera,camera
223.27.97.234,8384,-31.95224,115.8614,Australia,Perth,VOCUS PTY LTD,nginx,camera
187.36.10.24,80,-29.91778,-51.18361,Brazil,Canoas,Claro NXT Telecomunicacoes Ltda,Hikvision IP Camera,camera
220.134.219.62,80,22.99083,120.21333,Taiwan,Tainan,"Chunghwa Telecom Co.,Ltd.",Hikvision IP Camera,camera
143.255.143.92,3000,-25.50972,-54.61111,Paraguay,Ciudad del Este,GIG@NET SOCIEDAD ANONIMA,Hikvision IP Camera,camera
116.202.90.28,80,49.45421,11.07752,Germany,Nürnberg,LOGIN SystemHaus GmbH,Apache httpd,camera
218.32.105.183,80,25.05306,121.52639,Taiwan,Taipei,"New Century InfoComm Tech. Co., Ltd.",Hikvision IP Camera,camera
38.253.192.91,12615,23.58413,58.40778,Oman,Muscat,Awasr Oman,Hikvision IP Camera,camera
219.91.31.25,80,25.05306,121.52639,Taiwan,Taipei,Asia Pacific On-line Services Inc.,Hikvision IP Camera,camera
59.175.204.98,8010,30.58333,114.26667,China,Wuhan,CHINANET Hubei province network,Hikvision IP Camera,camera
147.52.138.139,80,35.32787,25.14341,Greece,Irákleion,University of Crete,nginx,camera
151.56.171.120,80,41.12066,16.86982,Italy,Bari,WIND TRE S.P.A.,Hikvision IP Camera,camera
46.22.210.140,16030,59.43696,24.75353,Estonia,Tallinn,Aktsiaselts WaveCom,Unknown,camera
37.152.15.137,8443,52.04583,4.95278,Netherlands,Montfoort,Enreach Netherlands B.V.,DrayTek Vigor Router,camera
79.250.28.122,6443,49.81933,10.34773,Germany,Prichsenstadt,Deutsche Telekom AG,Unknown,camera
114.32.131.224,80,25.01427,121.46719,Taiwan,Banqiao,"Chunghwa Telecom Co.,Ltd.",Hikvision IP Camera,camera
219.85.17.115,80,24.99368,121.29696,Taiwan,Taoyuan City,So-net Entertainment Taiwan Limited,Hikvision IP Camera,camera
103.70.176.36,80,27.89196,77.36744,India,Hodal,BHR BROADBAND,Hikvision IP Camera,camera
141.88.214.21,443,51.51494,7.466,Germany,Dortmund,IHK Gesellschaft fuer Informationsverarbeitung mbH,Apache httpd,camera
50.239.1.102,443,40.44062,-79.99589,United States,Pittsburgh,"Comcast Cable Communications, LLC",Unknown,camera
75.112.180.222,80,28.53834,-81.37924,United States,Orlando,"Charter Communications, Inc",Hikvision IP Camera,camera
193.203.150.144,443,53.33306,-6.24889,Ireland,Dublin,BSkyB Broadband Ireland,Hikvision IP Camera,camera
173.249.26.3,8000,50.11552,8.68417,Germany,Frankfurt am Main,Contabo GmbH,Unknown,camera
79.207.200.112,8090,51.47221,11.29533,Germany,Sangerhausen,Deutsche Telekom AG,Unknown,"title:""IP Camera"""
8.213.215.187,2266,13.75398,100.50144,Thailand,Bangkok,Alibaba Cloud (Singapore) Private Limited,Unknown,"title:""IP Camera"""
39.104.71.183,1457,39.9075,116.39723,China,Beijing,"Aliyun Computing Co., LTD",Unknown,"title:""IP Camera"""
172.105.246.103,12108,50.11552,8.68417,Germany,Frankfurt am Main,Linode,Unknown,"title:""IP Camera"""
88.80.185.222,3110,51.50853,-0.12574,United Kingdom,London,"Linode, LLC",Unknown,"title:""IP Camera"""
61.80.159.81,80,33.25333,126.56181,"Korea, Republic of",Seogwipo,Korea Telecom,Unknown,"title:""IP Camera"""
93.195.199.249,30000,49.01513,12.10161,Germany,Regensburg,Deutsche Telekom AG,Unknown,"title:""IP Camera"""
23.239.8.82,2226,40.82204,-74.44876,United States,Cedar Knolls,Linode,Unknown,"title:""IP Camera"""
45.56.75.53,10000,32.94818,-96.72972,United States,Richardson,Linode,Unknown,"title:""IP Camera"""
139.162.205.181,16030,51.50853,-0.12574,United Kingdom,London,139.162.0.0/16,Transmission,"title:""IP Camera"""
74.207.224.213,2226,33.749,-84.38798,United States,Atlanta,Linode,Unknown,"title:""IP Camera"""
38.60.171.142,3110,-6.21462,106.84513,Indonesia,Jakarta,Kaopu Cloud HK Limited,Unknown,"title:""IP Camera"""
74.207.227.122,2133,33.749,-84.38798,United States,Atlanta,Linode,Unknown,"title:""IP Camera"""
124.70.205.56,16030,31.22222,121.45806,China,Shanghai,Huawei Public Cloud Service (Huawei Software Technologies Ltd.Co),Unknown,"title:""IP Camera"""
90.146.67.125,443,48.13866,14.22764,Austria,Neuhofen an der Krems,LIWEST Kabelmedien GmbH,Unknown,"title:""IP Camera"""
91.66.146.76,8086,47.72674,10.31389,Germany,Kempten (Allgäu),Vodafone Deutschland GmbH,Unknown,"title:""IP Camera"""
45.33.90.14,23082,40.82204,-74.44876,United States,Cedar Knolls,Linode,Unknown,"title:""IP Camera"""
192.165.4.147,8083,56.1706,14.86188,Sweden,Karlshamn,Resilans AB,lighttpd,"title:""IP Camera"""
47.90.149.238,12458,39.04372,-77.48749,United States,Ashburn,Alibaba Cloud - US,Unknown,"title:""IP Camera"""
123.57.76.168,10000,39.9075,116.39723,China,Beijing,"Aliyun Computing Co., LTD",Unknown,"title:""IP Camera"""
139.144.18.139,3580,33.749,-84.38798,United States,Atlanta,Linode,Unknown,"title:""IP Camera"""
14.184.181.129,8004,10.38639,105.43518,Viet Nam,Long Xuyên,Vietnam Posts and Telecommunications Group,Boa Web Server,"title:""IP Camera"""
172.104.141.239,12538,50.11552,8.68417,Germany,Frankfurt am Main,Linode,Ivanti Endpoint Manager Mobile (EPMM),"title:""IP Camera"""
47.108.172.139,23082,30.66667,104.06667,China,Chengdu,"Aliyun Computing Co., LTD",Unknown,"title:""IP Camera"""
38.54.37.180,9068,14.6042,120.9822,Philippines,Manila,Kaopu Cloud HK Limited,Unknown,"title:""IP Camera"""
172.236.102.29,4434,41.85003,-87.65005,United States,Chicago,Linode,Unknown,"title:""IP Camera"""
172.104.60.182,9189,1.28967,103.85007,Singapore,Singapore,Linode,Unknown,"title:""IP Camera"""
101.132.252.152,7085,31.22222,121.45806,China,Shanghai,"Aliyun Computing Co., LTD",Unknown,"title:""IP Camera"""
1.34.11.159,81,25.01427,121.46719,Taiwan,Banqiao,"Chunghwa Telecom Co.,Ltd.",Boa Web Server,"title:""IP Camera"""
210.91.63.84,80,37.65639,126.835,"Korea, Republic of",Goyang-si,Korea Telecom,Boa Web Server,"title:""IP Camera"""
193.81.53.146,8574,48.20849,16.37208,Austria,Vienna,A1 Telekom Austria AG,Unknown,"title:""IP Camera"""
84.187.66.85,8086,48.45599,10.27695,Germany,Günzburg,Deutsche Telekom AG,Unknown,"title:""IP Camera"""
39.107.82.151,2067,39.9075,116.39723,China,Beijing,"Aliyun Computing Co., LTD",Unknown,"title:""IP Camera"""
172.235.17.108,3157,13.08784,80.27847,India,Chennai,Linode,Unknown,"title:""IP Camera"""
8.211.195.173,23082,51.50853,-0.12574,United Kingdom,London,Alibaba Cloud (Singapore) Private Limited,Unknown,"title:""IP Camera"""
172.233.91.45,9189,34.69379,135.50107,Japan,Osaka,Linode,Unknown,"title:""IP Camera"""
139.144.201.41,12551,39.04372,-77.48749,United States,Ashburn,Linode,Unknown,"title:""IP Camera"""
173.255.192.81,23082,32.94818,-96.72972,United States,Richardson,Linode,Unknown,"title:""IP Camera"""
210.113.193.86,80,35.15472,126.91556,"Korea, Republic of",Gwangju,Korea Telecom,Boa Web Server,"title:""IP Camera"""
47.250.147.63,7634,3.1412,101.68653,Malaysia,Kuala Lumpur,Alibaba Cloud LLC,Unknown,"title:""IP Camera"""
172.236.148.103,4434,1.28967,103.85007,Singapore,Singapore,Linode,Unknown,"title:""IP Camera"""
14.51.156.134,80,36.97666,127.9287,"Korea, Republic of",Chungju,Korea Telecom,lighttpd,"title:""IP Camera"""
8.221.141.88,8315,35.6895,139.69171,Japan,Tokyo,Alibaba Cloud (Singapore) Private Limited,Unknown,"title:""IP Camera"""
119.207.6.143,80,33.50972,126.52194,"Korea, Republic of",Jeju City,Korea Telecom,lighttpd,"title:""IP Camera"""
192.155.88.81,12229,40.82204,-74.44876,United States,Cedar Knolls,Linode,Unknown,"title:""IP Camera"""
121.43.154.123,12551,30.29365,120.16142,China,Hangzhou,"Aliyun Computing Co., LTD",Unknown,"title:""IP Camera"""
172.234.44.190,12551,39.04372,-77.48749,United States,Ashburn,Linode,Ivanti Endpoint Manager Mobile (EPMM),"title:""IP Camera"""
47.252.1.180,3580,38.68789,-77.29776,United States,Lake Ridge,Alibaba Cloud - US,Unknown,"title:""IP Camera"""
121.37.205.253,9082,23.11667,113.25,China,Guangzhou,Huawei Public Cloud Service (Huawei Software Technologies Ltd.Co),Unknown,"title:""IP Camera"""
178.20.73.108,5005,44.64783,10.92539,Italy,Modena,WiMore S.r.l.,Unknown,"title:""IP Camera"""
171.252.101.212,88,10.36004,106.35996,Viet Nam,Mỹ Tho,Viettel Group,Boa Web Server,"title:""IP Camera"""
172.105.89.21,12229,50.11552,8.68417,Germany,Frankfurt am Main,Linode,Unknown,"title:""IP Camera"""
139.162.161.191,9082,50.11552,8.68417,Germany,Frankfurt am Main,139.162.0.0/16,Unknown,"title:""IP Camera"""
77.148.200.159,80,47.21725,-1.55336,France,Nantes,Societe Francaise Du Radiotelephone - SFR SA,lighttpd,"title:""IP Camera"""
172.234.39.123,6686,39.04372,-77.48749,United States,Ashburn,Linode,nginx,"title:""IP Camera"""
217.92.145.166,80,52.30699,8.61423,Germany,Lübbecke,Deutsche Telekom AG,lighttpd,"title:""IP Camera"""
84.182.253.195,80,51.48165,7.21648,Germany,Bochum,Deutsche Telekom AG,Unknown,"title:""IP Camera"""
79.244.31.38,8181,50.69447,6.65414,Germany,Zülpich,Deutsche Telekom AG,Unknown,"title:""IP Camera"""
93.192.11.17,8081,51.85841,14.41138,Germany,Peitz,Deutsche Telekom AG,Unknown,"title:""IP Camera"""
45.79.252.91,8112,33.749,-84.38798,United States,Atlanta,Linode,Unknown,"title:""IP Camera"""
47.113.203.122,9082,23.73333,114.68333,China,Heyuan,"Aliyun Computing Co., LTD",Unknown,"title:""IP Camera"""
172.232.128.235,8112,59.32938,18.06871,Sweden,Stockholm,Linode,Unknown,"title:""IP Camera"""
38.60.210.220,9082,24.68773,46.72185,Saudi Arabia,Riyadh,Kaopu Cloud HK Limited,Unknown,"title:""IP Camera"""
211.184.114.177,80,37.29111,127.00889,"Korea, Republic of",Suwon,Korea Telecom,lighttpd,"title:""IP Camera"""
218.149.159.74,18013,33.50972,126.52194,"Korea, Republic of",Jeju City,Korea Telecom,Unknown,"title:""IP Camera"""
14.230.65.1,80,10.25369,105.9722,Viet Nam,Vĩnh Long,Vietnam Posts and Telecommunications Group,Boa Web Server,"title:""IP Camera"""
185.209.105.159,10086,53.14157,10.48679,Germany,Bienenbüttel,LueneCom Kommunikationsloesungen GmbH,Unknown,"title:""IP Camera"""
198.74.55.179,3580,33.749,-84.38798,United States,Atlanta,Linode,Unknown,"title:""IP Camera"""
38.60.209.110,8112,-23.5475,-46.63611,Brazil,São Paulo,Kaopu Cloud HK Limited,Unknown,"title:""IP Camera"""
198.58.114.202,8112,32.94818,-96.72972,United States,Richardson,Linode,Unknown,"title:""IP Camera"""
178.79.154.191,12419,51.50853,-0.12574,United Kingdom,London,"Linode, LLC",Unknown,"title:""IP Camera"""
93.214.110.211,81,51.14144,14.8027,Germany,Reichenbach,Deutsche Telekom AG,Unknown,"title:""IP Camera"""
183.107.34.44,18002,36.34913,127.38493,"Korea, Republic of",Daejeon,Korea Telecom,Unknown,"title:""IP Camera"""
217.82.188.63,91,50.54223,6.56297,Germany,Kall,Deutsche Telekom AG,Unknown,"title:""IP Camera"""
50.116.24.242,12458,32.94818,-96.72972,United States,Richardson,Linode,Unknown,"title:""IP Camera"""
172.234.39.119,2133,39.04372,-77.48749,United States,Ashburn,Linode,Unknown,"title:""IP Camera"""
50.116.23.197,3580,32.94818,-96.72972,United States,Richardson,Linode,Unknown,"title:""IP Camera"""
173.255.236.38,3001,40.82204,-74.44876,United States,Cedar Knolls,Linode,Unknown,"title:""IP Camera"""
172.104.141.248,2320,50.11552,8.68417,Germany,Frankfurt am Main,Linode,Sophos SSL VPN User Portal,"title:""IP Camera"""
172.233.46.123,2320,52.37403,4.88969,Netherlands,Amsterdam,Linode,Unknown,"title:""IP Camera"""
14.49.166.45,18003,33.50972,126.52194,"Korea, Republic of",Jeju City,Korea Telecom,Unknown,"title:""IP Camera"""
59.23.95.56,18003,35.84278,129.21167,"Korea, Republic of",Gyeongju,Korea Telecom,Unknown,"title:""IP Camera"""
88.168.86.10,17084,43.72484,5.81168,France,Vinon-sur-Verdon,Proxad / Free SAS,Unknown,"title:""IP Camera"""
118.103.208.136,18003,37.45646,126.70515,"Korea, Republic of",Incheon,"Namincheon Brodcasting Co., Ltd.",Unknown,"title:""IP Camera"""
113.173.196.232,82,10.82302,106.62965,Viet Nam,Ho Chi Minh City,Vietnam Posts and Telecommunications Group,Boa Web Server,"title:""IP Camera"""
114.205.215.10,18003,37.566,126.9784,"Korea, Republic of",Seoul,SK Broadband Co Ltd,Unknown,"title:""IP Camera"""
220.128.110.226,10012,25.05306,121.52639,Taiwan,Taipei,"Chunghwa Telecom Co.,Ltd.",Unknown,"title:""IP Camera"""
39.102.210.222,3157,39.9075,116.39723,China,Beijing,"Aliyun Computing Co., LTD",Unknown,"title:""IP Camera"""
149.129.219.36,3001,-6.21462,106.84513,Indonesia,Jakarta,"21/F, Ciputra World 1 (DBS Tower), JalanProf. DR. Satrio Kav 3-5, Jakarta 12940, Indonesia",Unknown,"title:""IP Camera"""
112.212.230.4,18003,37.566,126.9784,"Korea, Republic of",Seoul,SK Broadband Co Ltd,Unknown,"title:""IP Camera"""
8.208.90.243,3157,51.50853,-0.12574,United Kingdom,London,Aliyun Computing Co.LTD,Unknown,"title:""IP Camera"""
217.245.69.102,80,53.59552,7.20639,Germany,Norden,Deutsche Telekom AG,lighttpd,"title:""IP Camera"""
47.250.157.145,2320,3.1412,101.68653,Malaysia,Kuala Lumpur,Alibaba Cloud LLC,Unknown,"title:""IP Camera"""
87.123.38.252,8081,51.48165,7.21648,Germany,Bochum,1&1 Versatel Deutschland GmbH,Unknown,"title:""IP Camera"""
91.218.86.233,6080,55.44223,37.75372,Russian Federation,Domodedovo,Gigakom Sistems OOO,Unknown,"title:""IP Camera"""
121.149.84.186,18003,34.57111,126.59889,"Korea, Republic of",Haenam,Korea Telecom,Unknown,"title:""IP Camera"""
172.122.51.235,10254,34.6913,135.183,Japan,Kobe,IIJ Internet,Unknown,"title:""Network Camera"""
153.195.24.211,80,35.6,140.11667,Japan,Chiba,Open Computer Network,Unknown,"title:""Network Camera"""
153.166.55.14,80,35.6895,139.69171,Japan,Tokyo,Open Computer Network,Unknown,"title:""Network Camera"""
220.148.17.221,80,34.7,137.73333,Japan,Hamamatsu,TOKAI Communications Corporation,Unknown,"title:""Network Camera"""
201.192.143.169,16030,9.93333,-84.08333,Costa Rica,San José,SAN JOSE,Unknown,"title:""Network Camera"""
77.203.211.204,50013,48.07086,1.33783,France,Châteaudun,Societe Francaise Du Radiotelephone - SFR SA,Unknown,"title:""Network Camera"""
219.117.194.96,80,35.6895,139.69171,Japan,Tokyo,"INTERLINK Co.,LTD",Unknown,"title:""Network Camera"""
153.181.215.108,80,34.69379,135.50107,Japan,Osaka,Open Computer Network,Unknown,"title:""Network Camera"""
166.150.140.198,8080,40.71427,-74.00597,United States,New York City,Verizon Business,Unknown,"title:""Network Camera"""
153.246.209.58,40001,35.6895,139.69171,Japan,Tokyo,Open Computer Network,Unknown,"title:""Network Camera"""
153.156.21.168,10009,36.35,140.1,Japan,Iwase,Open Computer Network,Unknown,"title:""Network Camera"""
125.173.152.133,82,36.06443,136.22257,Japan,Fukui-shi,Open Computer Network,Unknown,"title:""Network Camera"""
149.129.232.50,95,-6.21462,106.84513,Indonesia,Jakarta,"21/F, Ciputra World 1 (DBS Tower), JalanProf. DR. Satrio Kav 3-5, Jakarta 12940, Indonesia",Unknown,"title:""Network Camera"""
183.76.0.233,65004,34.65,133.93333,Japan,Okayama,Asahi Net,Unknown,"title:""Network Camera"""
8.210.17.35,5997,22.27832,114.17469,Hong Kong,Hong Kong,Alibaba Cloud (Singapore) Private Limited,Unknown,"title:""Network Camera"""
8.138.131.110,806,23.11667,113.25,China,Guangzhou,Aliyun Computing Co.LTD,Unknown,"title:""Network Camera"""
123.222.169.236,102,35.6895,139.69171,Japan,Tokyo,Open Computer Network,Unknown,"title:""Network Camera"""
153.172.211.152,80,34.69379,135.50107,Japan,Osaka,Open Computer Network,Unknown,"title:""Network Camera"""
119.105.81.161,10035,35.18147,136.90641,Japan,Nagoya,Kids-way Corporation,Unknown,"title:""Network Camera"""
172.234.236.109,20256,47.47399,-122.26096,United States,Tukwila,Linode,Ivanti Endpoint Manager Mobile (EPMM),"title:""Network Camera"""
139.162.8.226,8315,1.28967,103.85007,Singapore,Singapore,"Linode, LLC",Unknown,"title:""Network Camera"""
153.246.209.20,40001,35.6895,139.69171,Japan,Tokyo,Open Computer Network,Unknown,"title:""Network Camera"""
222.230.107.98,10036,35.43333,139.65,Japan,Yokohama,"GMO Internet,Inc.",Unknown,"title:""Network Camera"""
153.141.138.214,80,34.69379,135.50107,Japan,Osaka,Open Computer Network,Unknown,"title:""Network Camera"""
220.109.94.111,80,43.06667,141.35,Japan,Sapporo,"NTT DOCOMO,INC.",Unknown,"title:""Network Camera"""
220.147.98.154,80,43.06667,141.35,Japan,Sapporo,ARTERIA Networks Corporation,Unknown,"title:""Network Camera"""
83.218.167.67,20800,47.26266,11.39454,Austria,Innsbruck,myNET Internet Solutions,Unknown,"title:""Network Camera"""
133.110.130.221,62865,33.6,130.41667,Japan,Fukuoka,IIJ Internet,Unknown,"title:""Network Camera"""
180.11.160.171,40001,31.91667,131.41667,Japan,Miyazaki,Open Computer Network,Unknown,"title:""Network Camera"""
47.254.237.222,806,3.1412,101.68653,Malaysia,Kuala Lumpur,Alibaba Cloud - MY,Unknown,"title:""Network Camera"""
66.228.62.242,3110,33.749,-84.38798,United States,Atlanta,Linode,Unknown,"title:""Network Camera"""
120.26.237.211,5997,30.29365,120.16142,China,Hangzhou,"Aliyun Computing Co., LTD",Unknown,"title:""Network Camera"""
219.121.9.120,80,35.42291,136.76039,Japan,Gifu,Asahi Net,Unknown,"title:""Network Camera"""
203.112.62.101,8180,34.33333,134.05,Japan,Takamatsu,"Pikara(STNet, Incorporated)",Unknown,"title:""Network Camera"""
219.99.225.201,80,34.95828,137.08054,Japan,Anjō,KATCH Network Inc.,Unknown,"title:""Network Camera"""
8.221.137.183,2226,35.6895,139.69171,Japan,Tokyo,Alibaba Cloud (Singapore) Private Limited,Unknown,"title:""Network Camera"""
218.45.178.1,80,34.6913,135.183,Japan,Kobe,Asahi Net,Unknown,"title:""Network Camera"""
220.157.216.35,80,34.71667,135.41667,Japan,Amagasaki,Asahi Net,Unknown,"title:""Network Camera"""
221.243.194.138,8001,35.6895,139.69171,Japan,Tokyo,ARTERIA Networks Corporation,Unknown,"title:""Network Camera"""
170.187.154.212,5997,33.749,-84.38798,United States,Atlanta,Linode,Unknown,"title:""Network Camera"""
38.54.2.201,35004,26.22787,50.58565,Bahrain,Manama,Kaopu Cloud HK Limited,Unknown,"title:""Network Camera"""
172.122.203.169,5909,33.6,130.41667,Japan,Fukuoka,IIJ Internet,Unknown,"title:""Network Camera"""
172.104.41.186,16053,1.28967,103.85007,Singapore,Singapore,Linode,Unknown,"title:""Network Camera"""
153.174.24.143,80,34.69379,135.50107,Japan,Osaka,Open Computer Network,Unknown,"title:""Network Camera"""
95.242.123.165,6379,44.22228,11.77358,Italy,Brisighella,Telecom Italia S.p.A.,Unknown,"title:""Network Camera"""
39.104.16.201,5997,39.9075,116.39723,China,Beijing,"Aliyun Computing Co., LTD",Unknown,"title:""Network Camera"""
153.177.173.231,8080,35.02107,135.75385,Japan,Kyoto,Open Computer Network,Unknown,"title:""Network Camera"""
50.116.41.137,7001,33.749,-84.38798,United States,Atlanta,Linode,Unknown,"title:""Network Camera"""
110.4.178.160,2226,35.6895,139.69171,Japan,Tokyo,Asahi Net,Unknown,"title:""Network Camera"""
221.118.69.57,80,35.08333,137.15,Japan,Toyota,AITAI-NET(Himawari Network Inc.),Unknown,"title:""Network Camera"""
153.210.227.230,80,36.35,140.45,Japan,Mito,Open Computer Network,Unknown,"title:""Network Camera"""
96.126.127.100,10000,32.94818,-96.72972,United States,Richardson,Linode,Ivanti Endpoint Manager Mobile (EPMM),"title:""Network Camera"""
47.121.182.36,4434,23.73333,114.68333,China,Heyuan,"Aliyun Computing Co., LTD",Unknown,"title:""Network Camera"""
183.77.122.97,83,34.69379,135.50107,Japan,Osaka,Asahi Net,Unknown,"title:""Network Camera"""
153.246.231.30,40001,35.90807,139.65657,Japan,Saitama,Open Computer Network,Unknown,"title:""Network Camera"""
218.219.187.119,22403,36.06443,136.22257,Japan,Fukui-shi,"mitene internet co., ltd.",Unknown,"title:""Network Camera"""
24.176.28.158,80,45.37334,-84.95533,United States,Petoskey,Charter Communications LLC,Unknown,"title:""Network Camera"""
153.156.26.245,80,36.56667,139.88333,Japan,Utsunomiya,Open Computer Network,Unknown,"title:""Network Camera"""
45.56.71.80,9082,32.94818,-96.72972,United States,Richardson,Linode,Unknown,"title:""Network Camera"""
23.239.16.93,2320,33.749,-84.38798,United States,Atlanta,Linode,Unknown,"title:""Network Camera"""
50.116.8.228,10009,37.54827,-121.98857,United States,Fremont,Linode,Unknown,"title:""Network Camera"""
220.133.168.144,80,25.05306,121.52639,Taiwan,Taipei,"Chunghwa Telecom Co.,Ltd.",Unknown,"title:""Network Camera"""
133.110.105.1,63210,33.6,130.41667,Japan,Fukuoka,IIJ Internet,Unknown,"title:""Network Camera"""
133.236.189.177,2557,33.6,130.41667,Japan,Fukuoka,IIJ Internet,Unknown,"title:""Network Camera"""
202.25.234.211,80,35.6895,139.69171,Japan,Tokyo,Joetsu University of Education,Unknown,"title:""Network Camera"""
45.33.95.187,95,40.82204,-74.44876,United States,Cedar Knolls,Linode,Unknown,"title:""Network Camera"""
8.146.200.53,12362,39.9075,116.39723,China,Beijing,Aliyun Computing Co.LTD,Unknown,"title:""Network Camera"""
153.190.176.121,80,34.69379,135.50107,Japan,Osaka,Open Computer Network,Unknown,"title:""Network Camera"""
112.124.2.212,2226,30.29365,120.16142,China,Hangzhou,"Aliyun Computing Co., LTD",Unknown,"title:""Network Camera"""
110.3.15.3,40001,35.6895,139.69171,Japan,Tokyo,"FreeBit Co., Ltd.",Unknown,"title:""Network Camera"""
153.246.214.243,40001,35.6895,139.69171,Japan,Tokyo,Open Computer Network,Unknown,"title:""Network Camera"""
153.183.118.148,80,34.69379,135.50107,Japan,Osaka,Open Computer Network,Unknown,"title:""Network Camera"""
27.133.190.24,40001,35.6895,139.69171,Japan,Tokyo,"FreeBit Co., Ltd.",Unknown,"title:""Network Camera"""
222.228.27.144,80,35.42291,136.76039,Japan,Gifu,ARTERIA Networks Corporation,Unknown,"title:""Network Camera"""
172.123.145.99,4064,33.6,130.41667,Japan,Fukuoka,IIJ Internet,Unknown,"title:""Network Camera"""
203.140.49.247,8009,32.80589,130.69181,Japan,Kumamoto,ARTERIA Networks Corporation,Unknown,"title:""Network Camera"""
133.159.30.186,20040,34.65,133.93333,Japan,Okayama,IIJ Internet,Unknown,"title:""Network Camera"""
153.246.229.215,40001,35.90807,139.65657,Japan,Saitama,Open Computer Network,Unknown,"title:""Network Camera"""
133.236.147.138,5254,33.6,130.41667,Japan,Fukuoka,IIJ Internet,Unknown,"title:""Network Camera"""
133.142.244.1,8888,33.6,130.41667,Japan,Fukuoka,IIJ Internet,Unknown,"title:""Network Camera"""
219.121.49.180,80,35.6895,139.69171,Japan,Tokyo,Asahi Net,Unknown,"title:""Network Camera"""
157.107.129.30,80,35.6895,139.69171,Japan,Tokyo,"ASAHI Net,Inc.",Unknown,"title:""Network Camera"""
172.234.43.100,2133,39.04372,-77.48749,United States,Ashburn,Linode,Unknown,"title:""Network Camera"""
133.236.249.105,9981,33.6,130.41667,Japan,Fukuoka,IIJ Internet,Unknown,"title:""Network Camera"""
120.79.31.133,10000,22.54554,114.0683,China,Shenzhen,"Aliyun Computing Co., LTD",Unknown,"title:""Network Camera"""
172.105.70.239,8426,50.11552,8.68417,Germany,Frankfurt am Main,Linode,Unknown,"title:""Network Camera"""
139.162.82.239,5997,35.6895,139.69171,Japan,Tokyo,139.162.0.0/16,Unknown,"title:""Live View"""
139.162.17.124,7001,1.28967,103.85007,Singapore,Singapore,"Linode, LLC",Unknown,"title:""Live View"""
50.116.60.97,8426,40.82204,-74.44876,United States,Cedar Knolls,Linode,Unknown,"title:""Live View"""
47.88.29.108,8315,37.33939,-121.89496,United States,San Jose,Alibaba Cloud - US,Unknown,"title:""Live View"""
91.82.250.95,5555,46.43402,19.48479,Hungary,Kiskunhalas,,Unknown,"title:""Live View"""
139.162.176.130,10000,50.11552,8.68417,Germany,Frankfurt am Main,139.162.0.0/16,Unknown,"title:""Live View"""
150.131.206.15,80,46.87215,-113.994,United States,Missoula,University of Montana,Unknown,"title:""Live View"""
80.219.100.240,82,46.88042,8.64441,Switzerland,Altdorf,Sunrise GmbH,Unknown,"title:""Live View"""
172.232.217.136,5080,45.46427,9.18951,Italy,Milan,Linode,Unknown,"title:""Live View"""
45.79.180.119,2067,40.82204,-74.44876,United States,Cedar Knolls,Linode,Unknown,"title:""Live View"""
50.116.60.227,5240,40.82204,-74.44876,United States,Cedar Knolls,Linode,Unknown,"title:""Live View"""
139.224.56.162,3008,31.22222,121.45806,China,Shanghai,"Aliyun Computing Co., LTD",Unknown,"title:""Live View"""
198.153.90.222,4002,38.67282,-91.63628,United States,Morrison,Kingdom Technology Solutions,Unknown,"title:""Live View"""
77.249.146.126,8080,52.37403,4.88969,Netherlands,Amsterdam,CPE Customers NL,Unknown,"title:""Live View"""
172.234.42.238,1443,39.04372,-77.48749,United States,Ashburn,Linode,Sophos SSL VPN User Portal,"title:""Live View"""
47.108.163.163,8112,30.66667,104.06667,China,Chengdu,"Aliyun Computing Co., LTD",Unknown,"title:""Live View"""
170.187.154.223,3130,33.749,-84.38798,United States,Atlanta,Linode,Unknown,"title:""Live View"""
46.160.254.214,80,55.91417,37.82556,Russian Federation,Korolev,RUSINVESTTELECOM LLC,Unknown,"title:""Live View"""
72.14.188.113,9073,32.94818,-96.72972,United States,Richardson,Linode,Unknown,"title:""Live View"""
69.159.239.177,8574,45.50884,-73.58781,Canada,Montréal,Bell Canada,Unknown,"title:""Live View"""
172.104.146.25,44303,50.11552,8.68417,Germany,Frankfurt am Main,Linode,Unknown,"title:""Live View"""
8.216.65.191,22000,35.6895,139.69171,Japan,Tokyo,Alibaba Cloud (Singapore) Private Limited,Unknown,"title:""Live View"""
96.126.114.39,16029,32.94818,-96.72972,United States,Richardson,Linode,Unknown,"title:""Live View"""
39.104.27.89,16029,39.9075,116.39723,China,Beijing,"Aliyun Computing Co., LTD",Unknown,"title:""Live View"""
114.215.127.92,30015,36.06488,120.38042,China,Qingdao,"Aliyun Computing Co., LTD",Unknown,"title:""Live View"""
170.187.142.54,9872,33.749,-84.38798,United States,Atlanta,Linode,nginx,"title:""Live View"""
76.82.156.54,46001,34.3795,-118.523,United States,Santa Clarita,Charter Communications Inc,Unknown,"title:""Live View"""
201.124.63.64,8001,19.42847,-99.12766,Mexico,Mexico City,Gestión de direccionamiento UniNet,Unknown,"title:""Live View"""
100.37.56.87,80,40.71427,-74.00597,United States,New York City,Verizon Business,Unknown,"title:""Live View"""
24.4.87.86,50009,38.24936,-122.03997,United States,Fairfield,Comcast Cable Communications,Unknown,"title:""Live View"""
47.104.27.165,21250,36.06488,120.38042,China,Qingdao,"Aliyun Computing Co., LTD",Unknown,"title:""Live View"""
78.134.65.233,8080,45.46427,9.18951,Italy,Milan,NGI Spa,Unknown,"title:""Live View"""
198.58.111.116,3157,32.94818,-96.72972,United States,Richardson,Linode,Unknown,"title:""Live View"""
45.79.202.238,3157,33.749,-84.38798,United States,Atlanta,Linode,Unknown,"title:""Live View"""
45.79.215.11,12108,33.749,-84.38798,United States,Atlanta,Linode,Unknown,"title:""Live View"""
31.27.207.211,80,41.89193,12.51133,Italy,Rome,Vodafone Italia S.p.A.,Unknown,"title:""Live View"""
47.91.104.110,21250,25.07725,55.30927,United Arab Emirates,Dubai,Alibaba Cloud - AE(Dubai),Unknown,"title:""Live View"""
198.58.112.247,12419,32.94818,-96.72972,United States,Richardson,Linode,Unknown,"title:""Live View"""
131.128.184.55,80,41.45704,-71.6634,United States,Carolina,University of Rhode Island,Unknown,"title:""Live View"""
172.233.226.208,17772,39.04372,-77.48749,United States,Ashburn,Linode,Unknown,"title:""Live View"""
47.116.188.197,9398,31.22222,121.45806,China,Shanghai,"Aliyun Computing Co., LTD",Unknown,"title:""Live View"""
139.162.38.49,9993,1.28967,103.85007,Singapore,Singapore,139.162.0.0/16,Unknown,"title:""Live View"""
131.118.241.3,80,38.34624,-76.41773,United States,Chesapeake Ranch Estates,University System of Maryland,Unknown,"title:""Live View"""
176.134.137.194,80,48.83545,2.24128,France,Boulogne-Billancourt,Bouygues Telecom Fixe and Mobile Division,Unknown,"title:""Live View"""
109.251.108.35,80,50.45466,30.5238,Ukraine,Kyiv,O3_Core,Unknown,"title:""Live View"""
8.137.62.53,12016,30.66667,104.06667,China,Chengdu,Aliyun Computing Co.LTD,Unknown,"title:""Live View"""
172.104.144.166,12016,50.11552,8.68417,Germany,Frankfurt am Main,Linode,Unknown,"title:""Live View"""
139.162.52.149,12538,1.28967,103.85007,Singapore,Singapore,139.162.0.0/16,Unknown,"title:""Live View"""
50.122.133.122,3000,43.15478,-77.61556,United States,Rochester,BDSL Frontier Communications Rochester NY,Unknown,"title:""Live View"""
174.180.33.136,8888,42.28343,-71.3495,United States,Natick,"Comcast Cable Communications, LLC",Unknown,"title:""Live View"""
106.15.137.41,9038,31.22222,121.45806,China,Shanghai,"Aliyun Computing Co., LTD",Unknown,"title:""Live View"""
47.237.106.163,3146,1.28967,103.85007,Singapore,Singapore,Alibaba Cloud LLC,Unknown,"title:""Live View"""
47.253.214.60,18070,38.68789,-77.29776,United States,Lake Ridge,Alibaba Cloud - US,Unknown,"title:""Live View"""
45.33.94.115,3155,40.82204,-74.44876,United States,Cedar Knolls,Linode,Unknown,"title:""Live View"""
139.162.112.46,50999,35.6895,139.69171,Japan,Tokyo,139.162.0.0/16,Unknown,"title:""Live View"""
139.162.149.212,806,50.11552,8.68417,Germany,Frankfurt am Main,139.162.0.0/16,Unknown,"title:""Live View"""
47.253.71.33,447,38.68789,-77.29776,United States,Lake Ridge,Alibaba Cloud - US,Unknown,"title:""Live View"""
185.97.165.78,80,59.93863,30.31413,Russian Federation,Saint Petersburg,JSC Telecommunication company Convey Plus,Unknown,"title:""Live View"""
172.104.21.245,443,40.82204,-74.44876,United States,Cedar Knolls,Linode,nginx,"title:""Live View"""
173.255.203.140,12459,32.94818,-96.72972,United States,Richardson,Linode,Unknown,"title:""Live View"""
47.254.153.78,12459,50.1112,8.6831,Germany,Frankfurt am Main,Alibaba Cloud - DE,Unknown,"title:""Live View"""
8.213.222.247,9048,13.75398,100.50144,Thailand,Bangkok,Alibaba Cloud (Singapore) Private Limited,Unknown,"title:""Live View"""
66.175.209.243,17778,40.82204,-74.44876,United States,Cedar Knolls,Linode,Jetty,"title:""Live View"""
47.92.152.43,8086,40.78341,114.87139,China,Zhangjiakou,"Aliyun Computing Co., LTD",Unknown,"title:""Live View"""
217.36.68.34,80,52.0632,-1.34222,United Kingdom,Banbury,BT Infrastructure Layer,Unknown,"title:""Live View"""
172.104.41.34,8334,1.28967,103.85007,Singapore,Singapore,Linode,Unknown,"title:""Live View"""
47.109.94.194,8442,30.66667,104.06667,China,Chengdu,"Aliyun Computing Co., LTD",Unknown,"title:""Live View"""
213.197.55.63,81,52.37403,4.88969,Netherlands,Amsterdam,KPN B.V.,Unknown,"title:""Live View"""
62.178.244.49,8001,48.20849,16.37208,Austria,Vienna,UPC Telekabel,Unknown,"title:""Live View"""
172.104.252.60,30112,50.11552,8.68417,Germany,Frankfurt am Main,Linode,Unknown,"title:""Live View"""
46.141.88.129,81,45.43854,10.9938,Italy,Verona,Wolnext srl,Unknown,"title:""Live View"""
45.79.221.72,8831,33.749,-84.38798,United States,Atlanta,Linode,Unknown,"title:""Live View"""
79.99.170.190,80,58.18035,13.95824,Sweden,Tidaholm,Bosnet Aktiebolag,Unknown,"title:""Live View"""
45.79.193.84,314,33.749,-84.38798,United States,Atlanta,Linode,Unknown,"title:""Live View"""
153.207.145.240,10081,35.6895,139.69171,Japan,Tokyo,Open Computer Network,Unknown,"title:""Live View"""
45.33.95.8,4436,40.82204,-74.44876,United States,Cedar Knolls,Linode,Unknown,"title:""Live View"""
120.27.24.21,6070,36.06488,120.38042,China,Qingdao,"Aliyun Computing Co., LTD",Unknown,"title:""Live View"""
172.234.239.62,8445,47.47399,-122.26096,United States,Tukwila,Linode,Unknown,"title:""Live View"""
72.14.189.68,18053,32.94818,-96.72972,United States,Richardson,Linode,Unknown,"title:""Live View"""
8.213.133.199,7780,37.566,126.9784,"Korea, Republic of",Seoul,Alibaba Cloud South Korea,Unknown,"title:""Live View"""
139.162.60.37,2060,1.28967,103.85007,Singapore,Singapore,139.162.0.0/16,Unknown,"title:""Live View"""
50.116.23.139,16066,32.94818,-96.72972,United States,Richardson,Linode,Unknown,"title:""Live View"""
172.234.43.80,777,39.04372,-77.48749,United States,Ashburn,Linode,Unknown,"title:""Live View"""
172.104.247.132,3160,50.11552,8.68417,Germany,Frankfurt am Main,Linode,Ivanti Endpoint Manager Mobile (EPMM),"title:""Live View"""
173.255.192.63,777,32.94818,-96.72972,United States,Richardson,Linode,Sophos SSL VPN User Portal,"title:""Live View"""
66.175.212.69,18028,40.82204,-74.44876,United States,Cedar Knolls,Linode,Unknown,"title:""Live View"""
